"Data Source","World Development Indicators",

"Last Updated Date","2019-10-28",

"Country Name","Country Code","Indicator Name","Indicator Code","1960","1961","1962","1963","1964","1965","1966","1967","1968","1969","1970","1971","1972","1973","1974","1975","1976","1977","1978","1979","1980","1981","1982","1983","1984","1985","1986","1987","1988","1989","1990","1991","1992","1993","1994","1995","1996","1997","1998","1999","2000","2001","2002","2003","2004","2005","2006","2007","2008","2009","2010","2011","2012","2013","2014","2015","2016","2017","2018","2019",
"Aruba","ABW","Logistics performance index: Competence and quality of logistics services (1=low to 5=high)","LP.LPI.LOGS.XQ","","","","","","","","","","","","","","","","","","","","","","","","","","","","","","","","","","","","","","","","","","","","","","","","","","","","","","","","","","","","",
"Afghanistan","AFG","Logistics performance index: Competence and quality of logistics services (1=low to 5=high)","LP.LPI.LOGS.XQ","","","","","","","","","","","","","","","","","","","","","","","","","","","","","","","","","","","","","","","","","","","","","","","","1.25","","","2.09","","2.16","","2.119709","","2.145073","","","",
"Angola","AGO","Logistics performance index: Competence and quality of logistics services (1=low to 5=high)","LP.LPI.LOGS.XQ","","","","","","","","","","","","","","","","","","","","","","","","","","","","","","","","","","","","","","","","","","","","","","","","2.5","","","2.02","","2","","2.311173","","2.31063","","","",
"Albania","ALB","Logistics performance index: Competence and quality of logistics services (1=low to 5=high)","LP.LPI.LOGS.XQ","","","","","","","","","","","","","","","","","","","","","","","","","","","","","","","","","","","","","","","","","","","","","","","","2","","","2.39","","2.65","","","","2.484833","","","",
"Andorra","AND","Logistics performance index: Competence and quality of logistics services (1=low to 5=high)","LP.LPI.LOGS.XQ","","","","","","","","","","","","","","","","","","","","","","","","","","","","","","","","","","","","","","","","","","","","","","","","","","","","","","","","","","","","",
"Arab World","ARB","Logistics performance index: Competence and quality of logistics services (1=low to 5=high)","LP.LPI.LOGS.XQ","","","","","","","","","","","","","","","","","","","","","","","","","","","","","","","","","","","","","","","","","","","","","","","","2.56157894736842","","","2.58894736842105","","2.6165","","2.5852812","","2.6405305","","","",
"United Arab Emirates","ARE","Logistics performance index: Competence and quality of logistics services (1=low to 5=high)","LP.LPI.LOGS.XQ","","","","","","","","","","","","","","","","","","","","","","","","","","","","","","","","","","","","","","","","","","","","","","","","3.67","","","3.53","","3.74","","3.497073","","3.822432","","","",
"Argentina","ARG","Logistics performance index: Competence and quality of logistics services (1=low to 5=high)","LP.LPI.LOGS.XQ","","","","","","","","","","","","","","","","","","","","","","","","","","","","","","","","","","","","","","","","","","","","","","","","3","","","3.03","","2.95","","2.930554","","2.825233","","","",
"Armenia","ARM","Logistics performance index: Competence and quality of logistics services (1=low to 5=high)","LP.LPI.LOGS.XQ","","","","","","","","","","","","","","","","","","","","","","","","","","","","","","","","","","","","","","","","","","","","","","","","2.11","","","2.59","","2.4","","2.75","","2.206495","","","",
"American Samoa","ASM","Logistics performance index: Competence and quality of logistics services (1=low to 5=high)","LP.LPI.LOGS.XQ","","","","","","","","","","","","","","","","","","","","","","","","","","","","","","","","","","","","","","","","","","","","","","","","","","","","","","","","","","","","",
"Antigua and Barbuda","ATG","Logistics performance index: Competence and quality of logistics services (1=low to 5=high)","LP.LPI.LOGS.XQ","","","","","","","","","","","","","","","","","","","","","","","","","","","","","","","","","","","","","","","","","","","","","","","","","","","","","","","","","","","","",
"Australia","AUS","Logistics performance index: Competence and quality of logistics services (1=low to 5=high)","LP.LPI.LOGS.XQ","","","","","","","","","","","","","","","","","","","","","","","","","","","","","","","","","","","","","","","","","","","","","","","","3.76","","","3.77","","3.75","","3.748209","","3.871699","","","",
"Austria","AUT","Logistics performance index: Competence and quality of logistics services (1=low to 5=high)","LP.LPI.LOGS.XQ","","","","","","","","","","","","","","","","","","","","","","","","","","","","","","","","","","","","","","","","","","","","","","","","4.13","","","3.7","","4.1","","3.558489","","4.181863","","","",
"Azerbaijan","AZE","Logistics performance index: Competence and quality of logistics services (1=low to 5=high)","LP.LPI.LOGS.XQ","","","","","","","","","","","","","","","","","","","","","","","","","","","","","","","","","","","","","","","","","","","","","","","","2","","","2.48","","2.14","","2.142857","","","","","",
"Burundi","BDI","Logistics performance index: Competence and quality of logistics services (1=low to 5=high)","LP.LPI.LOGS.XQ","","","","","","","","","","","","","","","","","","","","","","","","","","","","","","","","","","","","","","","","","","","","","","","","2.5","","","","","1.43","","2.51","","2.461408","","","",
"Belgium","BEL","Logistics performance index: Competence and quality of logistics services (1=low to 5=high)","LP.LPI.LOGS.XQ","","","","","","","","","","","","","","","","","","","","","","","","","","","","","","","","","","","","","","","","","","","","","","","","3.95","","","4.13","","3.98","","4.111112","","4.070602","","","",
"Benin","BEN","Logistics performance index: Competence and quality of logistics services (1=low to 5=high)","LP.LPI.LOGS.XQ","","","","","","","","","","","","","","","","","","","","","","","","","","","","","","","","","","","","","","","","","","","","","","","","2.56","","","2.64","","2.9","","2.351515","","2.471603","","","",
"Burkina Faso","BFA","Logistics performance index: Competence and quality of logistics services (1=low to 5=high)","LP.LPI.LOGS.XQ","","","","","","","","","","","","","","","","","","","","","","","","","","","","","","","","","","","","","","","","","","","","","","","","2.33","","","2.02","","2.28","","2.633929","","2.78154","","","",
"Bangladesh","BGD","Logistics performance index: Competence and quality of logistics services (1=low to 5=high)","LP.LPI.LOGS.XQ","","","","","","","","","","","","","","","","","","","","","","","","","","","","","","","","","","","","","","","","","","","","","","","","2.33","","","2.44","","","","2.636364","","2.673939","","","",
"Bulgaria","BGR","Logistics performance index: Competence and quality of logistics services (1=low to 5=high)","LP.LPI.LOGS.XQ","","","","","","","","","","","","","","","","","","","","","","","","","","","","","","","","","","","","","","","","","","","","","","","","2.86","","","2.85","","3.1","","3","","3.057436","","","",
"Bahrain","BHR","Logistics performance index: Competence and quality of logistics services (1=low to 5=high)","LP.LPI.LOGS.XQ","","","","","","","","","","","","","","","","","","","","","","","","","","","","","","","","","","","","","","","","","","","","","","","","2.75","","","3.36","","2.94","","3.04","","3.383041","","","",
"Bahamas, The","BHS","Logistics performance index: Competence and quality of logistics services (1=low to 5=high)","LP.LPI.LOGS.XQ","","","","","","","","","","","","","","","","","","","","","","","","","","","","","","","","","","","","","","","","","","","","","","","","","","","2.69","","2.69","","2.915029","","2.741194","","","",
"Bosnia and Herzegovina","BIH","Logistics performance index: Competence and quality of logistics services (1=low to 5=high)","LP.LPI.LOGS.XQ","","","","","","","","","","","","","","","","","","","","","","","","","","","","","","","","","","","","","","","","","","","","","","","","2.37","","","2.3","","2.93","","2.732867","","2.523669","","","",
"Belarus","BLR","Logistics performance index: Competence and quality of logistics services (1=low to 5=high)","LP.LPI.LOGS.XQ","","","","","","","","","","","","","","","","","","","","","","","","","","","","","","","","","","","","","","","","","","","","","","","","2.13","","","","","2.65","","2.462317","","2.316265","","","",
"Belize","BLZ","Logistics performance index: Competence and quality of logistics services (1=low to 5=high)","LP.LPI.LOGS.XQ","","","","","","","","","","","","","","","","","","","","","","","","","","","","","","","","","","","","","","","","","","","","","","","","","","","","","","","","","","","","",
"Bermuda","BMU","Logistics performance index: Competence and quality of logistics services (1=low to 5=high)","LP.LPI.LOGS.XQ","","","","","","","","","","","","","","","","","","","","","","","","","","","","","","","","","","","","","","","","","","","","","","","","","","","","","","","","","","","","",
"Bolivia","BOL","Logistics performance index: Competence and quality of logistics services (1=low to 5=high)","LP.LPI.LOGS.XQ","","","","","","","","","","","","","","","","","","","","","","","","","","","","","","","","","","","","","","","","","","","","","","","","2.17","","","2.38","","2.58","","2.67849","","1.899266","","","",
"Brazil","BRA","Logistics performance index: Competence and quality of logistics services (1=low to 5=high)","LP.LPI.LOGS.XQ","","","","","","","","","","","","","","","","","","","","","","","","","","","","","","","","","","","","","","","","","","","","","","","","2.94","","","3.3","","3.12","","3.050503","","3.122646","","","",
"Barbados","BRB","Logistics performance index: Competence and quality of logistics services (1=low to 5=high)","LP.LPI.LOGS.XQ","","","","","","","","","","","","","","","","","","","","","","","","","","","","","","","","","","","","","","","","","","","","","","","","","","","","","","","","","","","","",
"Brunei Darussalam","BRN","Logistics performance index: Competence and quality of logistics services (1=low to 5=high)","LP.LPI.LOGS.XQ","","","","","","","","","","","","","","","","","","","","","","","","","","","","","","","","","","","","","","","","","","","","","","","","","","","","","","","","","2.567273","","","",
"Bhutan","BTN","Logistics performance index: Competence and quality of logistics services (1=low to 5=high)","LP.LPI.LOGS.XQ","","","","","","","","","","","","","","","","","","","","","","","","","","","","","","","","","","","","","","","","","","","","","","","","2.18","","","2.24","","2.42","","2.482645","","2.295238","","","",
"Botswana","BWA","Logistics performance index: Competence and quality of logistics services (1=low to 5=high)","LP.LPI.LOGS.XQ","","","","","","","","","","","","","","","","","","","","","","","","","","","","","","","","","","","","","","","","","","","","","","","","","","","2.29","","2.74","","2.577192","","2.735162","","","",
"Central African Republic","CAF","Logistics performance index: Competence and quality of logistics services (1=low to 5=high)","LP.LPI.LOGS.XQ","","","","","","","","","","","","","","","","","","","","","","","","","","","","","","","","","","","","","","","","","","","","","","","","","","","","","","","2.307936","","","","","",
"Canada","CAN","Logistics performance index: Competence and quality of logistics services (1=low to 5=high)","LP.LPI.LOGS.XQ","","","","","","","","","","","","","","","","","","","","","","","","","","","","","","","","","","","","","","","","","","","","","","","","3.85","","","3.99","","3.85","","3.940668","","3.897193","","","",
"Central Europe and the Baltics","CEB","Logistics performance index: Competence and quality of logistics services (1=low to 5=high)","LP.LPI.LOGS.XQ","","","","","","","","","","","","","","","","","","","","","","","","","","","","","","","","","","","","","","","","","","","","","","","","2.94454545454545","","","2.95363636363636","","3.03272727272727","","3.24064709090909","","3.25132154545455","","","",
"Switzerland","CHE","Logistics performance index: Competence and quality of logistics services (1=low to 5=high)","LP.LPI.LOGS.XQ","","","","","","","","","","","","","","","","","","","","","","","","","","","","","","","","","","","","","","","","","","","","","","","","4","","","4.32","","3.71","","3.7514","","3.945607","","","",
"Channel Islands","CHI","Logistics performance index: Competence and quality of logistics services (1=low to 5=high)","LP.LPI.LOGS.XQ","","","","","","","","","","","","","","","","","","","","","","","","","","","","","","","","","","","","","","","","","","","","","","","","","","","","","","","","","","","","",
"Chile","CHL","Logistics performance index: Competence and quality of logistics services (1=low to 5=high)","LP.LPI.LOGS.XQ","","","","","","","","","","","","","","","","","","","","","","","","","","","","","","","","","","","","","","","","","","","","","","","","3.19","","","2.94","","3","","3.194292","","2.972946","","","",
"China","CHN","Logistics performance index: Competence and quality of logistics services (1=low to 5=high)","LP.LPI.LOGS.XQ","","","","","","","","","","","","","","","","","","","","","","","","","","","","","","","","","","","","","","","","","","","","","","","","3.4","","","3.49","","3.47","","3.460197","","3.620071","","","",
"Cote d'Ivoire","CIV","Logistics performance index: Competence and quality of logistics services (1=low to 5=high)","LP.LPI.LOGS.XQ","","","","","","","","","","","","","","","","","","","","","","","","","","","","","","","","","","","","","","","","","","","","","","","","2.38","","","2.57","","2.73","","2.623745","","2.617236","","","",
"Cameroon","CMR","Logistics performance index: Competence and quality of logistics services (1=low to 5=high)","LP.LPI.LOGS.XQ","","","","","","","","","","","","","","","","","","","","","","","","","","","","","","","","","","","","","","","","","","","","","","","","2.25","","","2.53","","2.41","","2.520408","","2.316804","","","",
"Congo, Dem. Rep.","COD","Logistics performance index: Competence and quality of logistics services (1=low to 5=high)","LP.LPI.LOGS.XQ","","","","","","","","","","","","","","","","","","","","","","","","","","","","","","","","","","","","","","","","","","","","","","","","","","","2.93","","2.17","","1.837745","","2.333415","","","",
"Congo, Rep.","COG","Logistics performance index: Competence and quality of logistics services (1=low to 5=high)","LP.LPI.LOGS.XQ","","","","","","","","","","","","","","","","","","","","","","","","","","","","","","","","","","","","","","","","","","","","","","","","","","","2.42","","2.15","","2.166667","","2.262626","","","",
"Colombia","COL","Logistics performance index: Competence and quality of logistics services (1=low to 5=high)","LP.LPI.LOGS.XQ","","","","","","","","","","","","","","","","","","","","","","","","","","","","","","","","","","","","","","","","","","","","","","","","2.44","","","2.75","","2.95","","2.640476","","2.672612","","","",
"Comoros","COM","Logistics performance index: Competence and quality of logistics services (1=low to 5=high)","LP.LPI.LOGS.XQ","","","","","","","","","","","","","","","","","","","","","","","","","","","","","","","","","","","","","","","","","","","","","","","","2.64","","","2.26","","2.2","","2.260294","","2.604934","","","",
"Cabo Verde","CPV","Logistics performance index: Competence and quality of logistics services (1=low to 5=high)","LP.LPI.LOGS.XQ","","","","","","","","","","","","","","","","","","","","","","","","","","","","","","","","","","","","","","","","","","","","","","","","","","","","","","","","","","","","",
"Costa Rica","CRI","Logistics performance index: Competence and quality of logistics services (1=low to 5=high)","LP.LPI.LOGS.XQ","","","","","","","","","","","","","","","","","","","","","","","","","","","","","","","","","","","","","","","","","","","","","","","","2.43","","","2.8","","2.53","","2.861821","","2.551282","","","",
"Caribbean small states","CSS","Logistics performance index: Competence and quality of logistics services (1=low to 5=high)","LP.LPI.LOGS.XQ","","","","","","","","","","","","","","","","","","","","","","","","","","","","","","","","","","","","","","","","","","","","","","","","2.01","","","2.42","","2.41","","2.63368766666667","","2.4995035","","","",
"Cuba","CUB","Logistics performance index: Competence and quality of logistics services (1=low to 5=high)","LP.LPI.LOGS.XQ","","","","","","","","","","","","","","","","","","","","","","","","","","","","","","","","","","","","","","","","","","","","","","","","","","","1.88","","2.21","","2.084128","","2.25","","","",
"Curacao","CUW","Logistics performance index: Competence and quality of logistics services (1=low to 5=high)","LP.LPI.LOGS.XQ","","","","","","","","","","","","","","","","","","","","","","","","","","","","","","","","","","","","","","","","","","","","","","","","","","","","","","","","","","","","",
"Cayman Islands","CYM","Logistics performance index: Competence and quality of logistics services (1=low to 5=high)","LP.LPI.LOGS.XQ","","","","","","","","","","","","","","","","","","","","","","","","","","","","","","","","","","","","","","","","","","","","","","","","","","","","","","","","","","","","",
"Cyprus","CYP","Logistics performance index: Competence and quality of logistics services (1=low to 5=high)","LP.LPI.LOGS.XQ","","","","","","","","","","","","","","","","","","","","","","","","","","","","","","","","","","","","","","","","","","","","","","","","2.77","","","2.82","","3.17","","2.923077","","2.722222","","","",
"Czech Republic","CZE","Logistics performance index: Competence and quality of logistics services (1=low to 5=high)","LP.LPI.LOGS.XQ","","","","","","","","","","","","","","","","","","","","","","","","","","","","","","","","","","","","","","","","","","","","","","","","3","","","3.27","","3.34","","3.514164","","3.648399","","","",
"Germany","DEU","Logistics performance index: Competence and quality of logistics services (1=low to 5=high)","LP.LPI.LOGS.XQ","","","","","","","","","","","","","","","","","","","","","","","","","","","","","","","","","","","","","","","","","","","","","","","","4.21","","","4.14","","4.09","","4.122776","","4.27905","","","",
"Djibouti","DJI","Logistics performance index: Competence and quality of logistics services (1=low to 5=high)","LP.LPI.LOGS.XQ","","","","","","","","","","","","","","","","","","","","","","","","","","","","","","","","","","","","","","","","","","","","","","","","2","","","2.17","","1.84","","2.213333","","1.956725","","","",
"Dominica","DMA","Logistics performance index: Competence and quality of logistics services (1=low to 5=high)","LP.LPI.LOGS.XQ","","","","","","","","","","","","","","","","","","","","","","","","","","","","","","","","","","","","","","","","","","","","","","","","","","","","","","","","","","","","",
"Denmark","DNK","Logistics performance index: Competence and quality of logistics services (1=low to 5=high)","LP.LPI.LOGS.XQ","","","","","","","","","","","","","","","","","","","","","","","","","","","","","","","","","","","","","","","","","","","","","","","","3.83","","","3.83","","4.14","","3.741392","","4.010558","","","",
"Dominican Republic","DOM","Logistics performance index: Competence and quality of logistics services (1=low to 5=high)","LP.LPI.LOGS.XQ","","","","","","","","","","","","","","","","","","","","","","","","","","","","","","","","","","","","","","","","","","","","","","","","2.25","","","2.42","","2.74","","2.91166","","2.677222","","","",
"Algeria","DZA","Logistics performance index: Competence and quality of logistics services (1=low to 5=high)","LP.LPI.LOGS.XQ","","","","","","","","","","","","","","","","","","","","","","","","","","","","","","","","","","","","","","","","","","","","","","","","1.92","","","2.24","","2.13","","2.540816","","2.912498","","","",
"East Asia & Pacific (excluding high income)","EAP","Logistics performance index: Competence and quality of logistics services (1=low to 5=high)","LP.LPI.LOGS.XQ","","","","","","","","","","","","","","","","","","","","","","","","","","","","","","","","","","","","","","","","","","","","","","","","2.53923076923077","","","2.58153846153846","","2.64307692307692","","2.78735892307692","","2.69892784615385","","","",
"Early-demographic dividend","EAR","Logistics performance index: Competence and quality of logistics services (1=low to 5=high)","LP.LPI.LOGS.XQ","","","","","","","","","","","","","","","","","","","","","","","","","","","","","","","","","","","","","","","","","","","","","","","","2.42936170212766","","","2.53816326530612","","2.57851063829787","","2.67218814","","2.59807868","","","",
"East Asia & Pacific","EAS","Logistics performance index: Competence and quality of logistics services (1=low to 5=high)","LP.LPI.LOGS.XQ","","","","","","","","","","","","","","","","","","","","","","","","","","","","","","","","","","","","","","","","","","","","","","","","3.006","","","3.0055","","3.0405","","3.12525935","","3.06985442857143","","","",
"Europe & Central Asia (excluding high income)","ECA","Logistics performance index: Competence and quality of logistics services (1=low to 5=high)","LP.LPI.LOGS.XQ","","","","","","","","","","","","","","","","","","","","","","","","","","","","","","","","","","","","","","","","","","","","","","","","2.33941176470588","","","2.52894736842105","","2.63526315789474","","2.638715","","2.48232331578947","","","",
"Europe & Central Asia","ECS","Logistics performance index: Competence and quality of logistics services (1=low to 5=high)","LP.LPI.LOGS.XQ","","","","","","","","","","","","","","","","","","","","","","","","","","","","","","","","","","","","","","","","","","","","","","","","3.04318181818182","","","3.1036170212766","","3.15978723404255","","3.21669368085106","","3.16558359574468","","","",
"Ecuador","ECU","Logistics performance index: Competence and quality of logistics services (1=low to 5=high)","LP.LPI.LOGS.XQ","","","","","","","","","","","","","","","","","","","","","","","","","","","","","","","","","","","","","","","","","","","","","","","","2.64","","","2.6","","2.65","","2.612717","","2.659334","","","",
"Egypt, Arab Rep.","EGY","Logistics performance index: Competence and quality of logistics services (1=low to 5=high)","LP.LPI.LOGS.XQ","","","","","","","","","","","","","","","","","","","","","","","","","","","","","","","","","","","","","","","","","","","","","","","","2.38","","","2.87","","2.95","","2.990973","","3.203985","","","",
"Euro area","EMU","Logistics performance index: Competence and quality of logistics services (1=low to 5=high)","LP.LPI.LOGS.XQ","","","","","","","","","","","","","","","","","","","","","","","","","","","","","","","","","","","","","","","","","","","","","","","","3.47222222222222","","","3.44736842105263","","3.47315789473684","","3.55677931578947","","3.56080889473684","","","",
"Eritrea","ERI","Logistics performance index: Competence and quality of logistics services (1=low to 5=high)","LP.LPI.LOGS.XQ","","","","","","","","","","","","","","","","","","","","","","","","","","","","","","","","","","","","","","","","","","","","","","","","2.67","","","1.88","","2.03","","2.232222","","2.24864","","","",
"Spain","ESP","Logistics performance index: Competence and quality of logistics services (1=low to 5=high)","LP.LPI.LOGS.XQ","","","","","","","","","","","","","","","","","","","","","","","","","","","","","","","","","","","","","","","","","","","","","","","","3.55","","","3.62","","3.69","","3.830432","","3.728878","","","",
"Estonia","EST","Logistics performance index: Competence and quality of logistics services (1=low to 5=high)","LP.LPI.LOGS.XQ","","","","","","","","","","","","","","","","","","","","","","","","","","","","","","","","","","","","","","","","","","","","","","","","3","","","3.17","","2.82","","3.266667","","3.17635","","","",
"Ethiopia","ETH","Logistics performance index: Competence and quality of logistics services (1=low to 5=high)","LP.LPI.LOGS.XQ","","","","","","","","","","","","","","","","","","","","","","","","","","","","","","","","","","","","","","","","","","","","","","","","2","","","2.14","","2.16","","2.620833","","2.367674","","","",
"European Union","EUU","Logistics performance index: Competence and quality of logistics services (1=low to 5=high)","LP.LPI.LOGS.XQ","","","","","","","","","","","","","","","","","","","","","","","","","","","","","","","","","","","","","","","","","","","","","","","","3.41","","","3.39035714285714","","3.45107142857143","","3.53003278571429","","3.55147782142857","","","",
"Fragile and conflict affected situations","FCS","Logistics performance index: Competence and quality of logistics services (1=low to 5=high)","LP.LPI.LOGS.XQ","","","","","","","","","","","","","","","","","","","","","","","","","","","","","","","","","","","","","","","","","","","","","","","","2.21","","","2.268","","2.24","","2.28180085714286","","2.22752388","","","",
"Finland","FIN","Logistics performance index: Competence and quality of logistics services (1=low to 5=high)","LP.LPI.LOGS.XQ","","","","","","","","","","","","","","","","","","","","","","","","","","","","","","","","","","","","","","","","","","","","","","","","3.85","","","3.92","","4.14","","3.722474","","3.883877","","","",
"Fiji","FJI","Logistics performance index: Competence and quality of logistics services (1=low to 5=high)","LP.LPI.LOGS.XQ","","","","","","","","","","","","","","","","","","","","","","","","","","","","","","","","","","","","","","","","","","","","","","","","","","","2.11","","2.18","","2.22","","2.252244","","","",
"France","FRA","Logistics performance index: Competence and quality of logistics services (1=low to 5=high)","LP.LPI.LOGS.XQ","","","","","","","","","","","","","","","","","","","","","","","","","","","","","","","","","","","","","","","","","","","","","","","","3.76","","","3.87","","3.82","","3.754644","","3.815154","","","",
"Faroe Islands","FRO","Logistics performance index: Competence and quality of logistics services (1=low to 5=high)","LP.LPI.LOGS.XQ","","","","","","","","","","","","","","","","","","","","","","","","","","","","","","","","","","","","","","","","","","","","","","","","","","","","","","","","","","","","",
"Micronesia, Fed. Sts.","FSM","Logistics performance index: Competence and quality of logistics services (1=low to 5=high)","LP.LPI.LOGS.XQ","","","","","","","","","","","","","","","","","","","","","","","","","","","","","","","","","","","","","","","","","","","","","","","","","","","","","","","","","","","","",
"Gabon","GAB","Logistics performance index: Competence and quality of logistics services (1=low to 5=high)","LP.LPI.LOGS.XQ","","","","","","","","","","","","","","","","","","","","","","","","","","","","","","","","","","","","","","","","","","","","","","","","2","","","2.31","","2.4","","2.25","","2.121169","","","",
"United Kingdom","GBR","Logistics performance index: Competence and quality of logistics services (1=low to 5=high)","LP.LPI.LOGS.XQ","","","","","","","","","","","","","","","","","","","","","","","","","","","","","","","","","","","","","","","","","","","","","","","","4.02","","","3.92","","3.93","","4.028607","","4.04508","","","",
"Georgia","GEO","Logistics performance index: Competence and quality of logistics services (1=low to 5=high)","LP.LPI.LOGS.XQ","","","","","","","","","","","","","","","","","","","","","","","","","","","","","","","","","","","","","","","","","","","","","","","","","","","2.57","","2.78","","2.439782","","2.07702","","","",
"Ghana","GHA","Logistics performance index: Competence and quality of logistics services (1=low to 5=high)","LP.LPI.LOGS.XQ","","","","","","","","","","","","","","","","","","","","","","","","","","","","","","","","","","","","","","","","","","","","","","","","1.75","","","2.42","","2.68","","2.371832","","2.538404","","","",
"Gibraltar","GIB","Logistics performance index: Competence and quality of logistics services (1=low to 5=high)","LP.LPI.LOGS.XQ","","","","","","","","","","","","","","","","","","","","","","","","","","","","","","","","","","","","","","","","","","","","","","","","","","","","","","","","","","","","",
"Guinea","GIN","Logistics performance index: Competence and quality of logistics services (1=low to 5=high)","LP.LPI.LOGS.XQ","","","","","","","","","","","","","","","","","","","","","","","","","","","","","","","","","","","","","","","","","","","","","","","","2.67","","","2.68","","2.59","","2.347318","","2.542346","","","",
"Gambia, The","GMB","Logistics performance index: Competence and quality of logistics services (1=low to 5=high)","LP.LPI.LOGS.XQ","","","","","","","","","","","","","","","","","","","","","","","","","","","","","","","","","","","","","","","","","","","","","","","","3","","","2.37","","2.55","","2.222222","","","","","",
"Guinea-Bissau","GNB","Logistics performance index: Competence and quality of logistics services (1=low to 5=high)","LP.LPI.LOGS.XQ","","","","","","","","","","","","","","","","","","","","","","","","","","","","","","","","","","","","","","","","","","","","","","","","2","","","1.56","","2.58","","2.571429","","2.074074","","","",
"Equatorial Guinea","GNQ","Logistics performance index: Competence and quality of logistics services (1=low to 5=high)","LP.LPI.LOGS.XQ","","","","","","","","","","","","","","","","","","","","","","","","","","","","","","","","","","","","","","","","","","","","","","","","","","","","","","","2.199074","","1.75","","","",
"Greece","GRC","Logistics performance index: Competence and quality of logistics services (1=low to 5=high)","LP.LPI.LOGS.XQ","","","","","","","","","","","","","","","","","","","","","","","","","","","","","","","","","","","","","","","","","","","","","","","","3.33","","","2.69","","2.76","","3.227133","","2.910547","","","",
"Grenada","GRD","Logistics performance index: Competence and quality of logistics services (1=low to 5=high)","LP.LPI.LOGS.XQ","","","","","","","","","","","","","","","","","","","","","","","","","","","","","","","","","","","","","","","","","","","","","","","","","","","","","","","","","","","","",
"Greenland","GRL","Logistics performance index: Competence and quality of logistics services (1=low to 5=high)","LP.LPI.LOGS.XQ","","","","","","","","","","","","","","","","","","","","","","","","","","","","","","","","","","","","","","","","","","","","","","","","","","","","","","","","","","","","",
"Guatemala","GTM","Logistics performance index: Competence and quality of logistics services (1=low to 5=high)","LP.LPI.LOGS.XQ","","","","","","","","","","","","","","","","","","","","","","","","","","","","","","","","","","","","","","","","","","","","","","","","2.5","","","2.74","","2.78","","2.683148","","2.297157","","","",
"Guam","GUM","Logistics performance index: Competence and quality of logistics services (1=low to 5=high)","LP.LPI.LOGS.XQ","","","","","","","","","","","","","","","","","","","","","","","","","","","","","","","","","","","","","","","","","","","","","","","","","","","","","","","","","","","","",
"Guyana","GUY","Logistics performance index: Competence and quality of logistics services (1=low to 5=high)","LP.LPI.LOGS.XQ","","","","","","","","","","","","","","","","","","","","","","","","","","","","","","","","","","","","","","","","","","","","","","","","1.95","","","2.25","","2.33","","2.270294","","2.659149","","","",
"High income","HIC","Logistics performance index: Competence and quality of logistics services (1=low to 5=high)","LP.LPI.LOGS.XQ","","","","","","","","","","","","","","","","","","","","","","","","","","","","","","","","","","","","","","","","","","","","","","","","3.44586956521739","","","3.42836734693878","","3.44895833333333","","3.51276246938776","","3.51670105882353","","","",
"Hong Kong SAR, China","HKG","Logistics performance index: Competence and quality of logistics services (1=low to 5=high)","LP.LPI.LOGS.XQ","","","","","","","","","","","","","","","","","","","","","","","","","","","","","","","","","","","","","","","","","","","","","","","","3.99","","","3.83","","4.08","","3.808917","","3.99988","","","",
"Honduras","HND","Logistics performance index: Competence and quality of logistics services (1=low to 5=high)","LP.LPI.LOGS.XQ","","","","","","","","","","","","","","","","","","","","","","","","","","","","","","","","","","","","","","","","","","","","","","","","2.41","","","2.57","","2.44","","2.469754","","2.441143","","","",
"Heavily indebted poor countries (HIPC)","HPC","Logistics performance index: Competence and quality of logistics services (1=low to 5=high)","LP.LPI.LOGS.XQ","","","","","","","","","","","","","","","","","","","","","","","","","","","","","","","","","","","","","","","","","","","","","","","","2.28888888888889","","","2.26029411764706","","2.351875","","2.35795127027027","","2.35168511111111","","","",
"Croatia","HRV","Logistics performance index: Competence and quality of logistics services (1=low to 5=high)","LP.LPI.LOGS.XQ","","","","","","","","","","","","","","","","","","","","","","","","","","","","","","","","","","","","","","","","","","","","","","","","2.83","","","2.53","","2.92","","3","","3.214506","","","",
"Haiti","HTI","Logistics performance index: Competence and quality of logistics services (1=low to 5=high)","LP.LPI.LOGS.XQ","","","","","","","","","","","","","","","","","","","","","","","","","","","","","","","","","","","","","","","","","","","","","","","","2.11","","","2.46","","1.74","","2.144756","","1.681079","","","",
"Hungary","HUN","Logistics performance index: Competence and quality of logistics services (1=low to 5=high)","LP.LPI.LOGS.XQ","","","","","","","","","","","","","","","","","","","","","","","","","","","","","","","","","","","","","","","","","","","","","","","","3.07","","","2.87","","3.18","","3.33491","","3.354928","","","",
"IBRD only","IBD","Logistics performance index: Competence and quality of logistics services (1=low to 5=high)","LP.LPI.LOGS.XQ","","","","","","","","","","","","","","","","","","","","","","","","","","","","","","","","","","","","","","","","","","","","","","","","2.57442307692308","","","2.67196428571429","","2.75842105263158","","2.80755233928571","","2.70391929824561","","","",
"IDA & IBRD total","IBT","Logistics performance index: Competence and quality of logistics services (1=low to 5=high)","LP.LPI.LOGS.XQ","","","","","","","","","","","","","","","","","","","","","","","","","","","","","","","","","","","","","","","","","","","","","","","","2.40073394495413","","","2.471","","2.55818181818182","","2.58701691304348","","2.52815152631579","","","",
"IDA total","IDA","Logistics performance index: Competence and quality of logistics services (1=low to 5=high)","LP.LPI.LOGS.XQ","","","","","","","","","","","","","","","","","","","","","","","","","","","","","","","","","","","","","","","","","","","","","","","","2.24228070175439","","","2.26259259259259","","2.34283018867925","","2.37769515254237","","2.35238375438596","","","",
"IDA blend","IDB","Logistics performance index: Competence and quality of logistics services (1=low to 5=high)","LP.LPI.LOGS.XQ","","","","","","","","","","","","","","","","","","","","","","","","","","","","","","","","","","","","","","","","","","","","","","","","2.191","","","2.318","","2.29818181818182","","2.46938","","2.48032227272727","","","",
"Indonesia","IDN","Logistics performance index: Competence and quality of logistics services (1=low to 5=high)","LP.LPI.LOGS.XQ","","","","","","","","","","","","","","","","","","","","","","","","","","","","","","","","","","","","","","","","","","","","","","","","2.9","","","2.47","","2.85","","3.209638","","3.000057","","","",
"IDA only","IDX","Logistics performance index: Competence and quality of logistics services (1=low to 5=high)","LP.LPI.LOGS.XQ","","","","","","","","","","","","","","","","","","","","","","","","","","","","","","","","","","","","","","","","","","","","","","","","2.2531914893617","","","2.25","","2.35452380952381","","2.35668404166667","","2.32178976086957","","","",
"Isle of Man","IMN","Logistics performance index: Competence and quality of logistics services (1=low to 5=high)","LP.LPI.LOGS.XQ","","","","","","","","","","","","","","","","","","","","","","","","","","","","","","","","","","","","","","","","","","","","","","","","","","","","","","","","","","","","",
"India","IND","Logistics performance index: Competence and quality of logistics services (1=low to 5=high)","LP.LPI.LOGS.XQ","","","","","","","","","","","","","","","","","","","","","","","","","","","","","","","","","","","","","","","","","","","","","","","","3.27","","","3.16","","3.14","","3.029319","","3.387064","","","",
"Not classified","INX","Logistics performance index: Competence and quality of logistics services (1=low to 5=high)","LP.LPI.LOGS.XQ","","","","","","","","","","","","","","","","","","","","","","","","","","","","","","","","","","","","","","","","","","","","","","","","","","","","","","","","","","","","",
"Ireland","IRL","Logistics performance index: Competence and quality of logistics services (1=low to 5=high)","LP.LPI.LOGS.XQ","","","","","","","","","","","","","","","","","","","","","","","","","","","","","","","","","","","","","","","","","","","","","","","","3.93","","","3.82","","3.54","","3.943467","","3.785793","","","",
"Iran, Islamic Rep.","IRN","Logistics performance index: Competence and quality of logistics services (1=low to 5=high)","LP.LPI.LOGS.XQ","","","","","","","","","","","","","","","","","","","","","","","","","","","","","","","","","","","","","","","","","","","","","","","","2.69","","","2.65","","2.66","","","","2.666667","","","",
"Iraq","IRQ","Logistics performance index: Competence and quality of logistics services (1=low to 5=high)","LP.LPI.LOGS.XQ","","","","","","","","","","","","","","","","","","","","","","","","","","","","","","","","","","","","","","","","","","","","","","","","","","","2.1","","2.19","","2.145176","","1.970772","","","",
"Iceland","ISL","Logistics performance index: Competence and quality of logistics services (1=low to 5=high)","LP.LPI.LOGS.XQ","","","","","","","","","","","","","","","","","","","","","","","","","","","","","","","","","","","","","","","","","","","","","","","","","","","3.14","","3.47","","3.461539","","3.259776","","","",
"Israel","ISR","Logistics performance index: Competence and quality of logistics services (1=low to 5=high)","LP.LPI.LOGS.XQ","","","","","","","","","","","","","","","","","","","","","","","","","","","","","","","","","","","","","","","","","","","","","","","","3.23","","","3.5","","","","3.351191","","3.599074","","","",
"Italy","ITA","Logistics performance index: Competence and quality of logistics services (1=low to 5=high)","LP.LPI.LOGS.XQ","","","","","","","","","","","","","","","","","","","","","","","","","","","","","","","","","","","","","","","","","","","","","","","","3.63","","","3.74","","3.65","","3.62495","","3.765139","","","",
"Jamaica","JAM","Logistics performance index: Competence and quality of logistics services (1=low to 5=high)","LP.LPI.LOGS.XQ","","","","","","","","","","","","","","","","","","","","","","","","","","","","","","","","","","","","","","","","","","","","","","","","2.07","","","2.32","","2.21","","2.71574","","2.313829","","","",
"Jordan","JOR","Logistics performance index: Competence and quality of logistics services (1=low to 5=high)","LP.LPI.LOGS.XQ","","","","","","","","","","","","","","","","","","","","","","","","","","","","","","","","","","","","","","","","","","","","","","","","3","","","2.49","","2.17","","2.939394","","2.891052","","","",
"Japan","JPN","Logistics performance index: Competence and quality of logistics services (1=low to 5=high)","LP.LPI.LOGS.XQ","","","","","","","","","","","","","","","","","","","","","","","","","","","","","","","","","","","","","","","","","","","","","","","","4.12","","","4","","3.97","","3.931567","","3.990233","","","",
"Kazakhstan","KAZ","Logistics performance index: Competence and quality of logistics services (1=low to 5=high)","LP.LPI.LOGS.XQ","","","","","","","","","","","","","","","","","","","","","","","","","","","","","","","","","","","","","","","","","","","","","","","","2.05","","","2.6","","2.75","","2.716356","","2.567573","","","",
"Kenya","KEN","Logistics performance index: Competence and quality of logistics services (1=low to 5=high)","LP.LPI.LOGS.XQ","","","","","","","","","","","","","","","","","","","","","","","","","","","","","","","","","","","","","","","","","","","","","","","","2.31","","","2.28","","2.38","","2.652778","","3.244339","","","",
"Kyrgyz Republic","KGZ","Logistics performance index: Competence and quality of logistics services (1=low to 5=high)","LP.LPI.LOGS.XQ","","","","","","","","","","","","","","","","","","","","","","","","","","","","","","","","","","","","","","","","","","","","","","","","2.35","","","2.37","","2.25","","2.131777","","1.96","","","",
"Cambodia","KHM","Logistics performance index: Competence and quality of logistics services (1=low to 5=high)","LP.LPI.LOGS.XQ","","","","","","","","","","","","","","","","","","","","","","","","","","","","","","","","","","","","","","","","","","","","","","","","2.47","","","2.29","","2.5","","2.666667","","2.604865","","","",
"Kiribati","KIR","Logistics performance index: Competence and quality of logistics services (1=low to 5=high)","LP.LPI.LOGS.XQ","","","","","","","","","","","","","","","","","","","","","","","","","","","","","","","","","","","","","","","","","","","","","","","","","","","","","","","","","","","","",
"St. Kitts and Nevis","KNA","Logistics performance index: Competence and quality of logistics services (1=low to 5=high)","LP.LPI.LOGS.XQ","","","","","","","","","","","","","","","","","","","","","","","","","","","","","","","","","","","","","","","","","","","","","","","","","","","","","","","","","","","","",
"Korea, Rep.","KOR","Logistics performance index: Competence and quality of logistics services (1=low to 5=high)","LP.LPI.LOGS.XQ","","","","","","","","","","","","","","","","","","","","","","","","","","","","","","","","","","","","","","","","","","","","","","","","3.63","","","3.64","","3.65","","3.663521","","3.690245","","","",
"Kuwait","KWT","Logistics performance index: Competence and quality of logistics services (1=low to 5=high)","LP.LPI.LOGS.XQ","","","","","","","","","","","","","","","","","","","","","","","","","","","","","","","","","","","","","","","","","","","","","","","","3","","","3.11","","2.68","","2.956508","","2.78609","","","",
"Latin America & Caribbean (excluding high income)","LAC","Logistics performance index: Competence and quality of logistics services (1=low to 5=high)","LP.LPI.LOGS.XQ","","","","","","","","","","","","","","","","","","","","","","","","","","","","","","","","","","","","","","","","","","","","","","","","2.47777777777778","","","2.59157894736842","","2.58777777777778","","2.69561031578947","","2.54153473684211","","","",
"Lao PDR","LAO","Logistics performance index: Competence and quality of logistics services (1=low to 5=high)","LP.LPI.LOGS.XQ","","","","","","","","","","","","","","","","","","","","","","","","","","","","","","","","","","","","","","","","","","","","","","","","2.29","","","2.14","","2.49","","2.308951","","2.095168","","","",
"Lebanon","LBN","Logistics performance index: Competence and quality of logistics services (1=low to 5=high)","LP.LPI.LOGS.XQ","","","","","","","","","","","","","","","","","","","","","","","","","","","","","","","","","","","","","","","","","","","","","","","","2.4","","","3.73","","2.38","","2.888889","","2.454545","","","",
"Liberia","LBR","Logistics performance index: Competence and quality of logistics services (1=low to 5=high)","LP.LPI.LOGS.XQ","","","","","","","","","","","","","","","","","","","","","","","","","","","","","","","","","","","","","","","","","","","","","","","","2","","","2.16","","2.46","","2.857143","","2.07425","","","",
"Libya","LBY","Logistics performance index: Competence and quality of logistics services (1=low to 5=high)","LP.LPI.LOGS.XQ","","","","","","","","","","","","","","","","","","","","","","","","","","","","","","","","","","","","","","","","","","","","","","","","","","","2.28","","2.25","","2.294118","","2.49697","","","",
"St. Lucia","LCA","Logistics performance index: Competence and quality of logistics services (1=low to 5=high)","LP.LPI.LOGS.XQ","","","","","","","","","","","","","","","","","","","","","","","","","","","","","","","","","","","","","","","","","","","","","","","","","","","","","","","","","","","","",
"Latin America & Caribbean","LCN","Logistics performance index: Competence and quality of logistics services (1=low to 5=high)","LP.LPI.LOGS.XQ","","","","","","","","","","","","","","","","","","","","","","","","","","","","","","","","","","","","","","","","","","","","","","","","2.52238095238095","","","2.62130434782609","","2.64045454545455","","2.7290372173913","","2.603336125","","","",
"Least developed countries: UN classification","LDC","Logistics performance index: Competence and quality of logistics services (1=low to 5=high)","LP.LPI.LOGS.XQ","","","","","","","","","","","","","","","","","","","","","","","","","","","","","","","","","","","","","","","","","","","","","","","","2.26951219512195","","","2.20555555555556","","2.31657142857143","","2.3475801","","2.32642528947368","","","",
"Low income","LIC","Logistics performance index: Competence and quality of logistics services (1=low to 5=high)","LP.LPI.LOGS.XQ","","","","","","","","","","","","","","","","","","","","","","","","","","","","","","","","","","","","","","","","","","","","","","","","2.17555555555556","","","2.21192307692308","","2.32375","","2.3174842962963","","2.28358836","","","",
"Liechtenstein","LIE","Logistics performance index: Competence and quality of logistics services (1=low to 5=high)","LP.LPI.LOGS.XQ","","","","","","","","","","","","","","","","","","","","","","","","","","","","","","","","","","","","","","","","","","","","","","","","","","","","","","","","","","","","",
"Sri Lanka","LKA","Logistics performance index: Competence and quality of logistics services (1=low to 5=high)","LP.LPI.LOGS.XQ","","","","","","","","","","","","","","","","","","","","","","","","","","","","","","","","","","","","","","","","","","","","","","","","2.45","","","2.09","","2.8","","2.905308","","","","","",
"Lower middle income","LMC","Logistics performance index: Competence and quality of logistics services (1=low to 5=high)","LP.LPI.LOGS.XQ","","","","","","","","","","","","","","","","","","","","","","","","","","","","","","","","","","","","","","","","","","","","","","","","2.38225","","","2.41057142857143","","2.48675675675676","","2.54104330769231","","2.48543625","","","",
"Low & middle income","LMY","Logistics performance index: Competence and quality of logistics services (1=low to 5=high)","LP.LPI.LOGS.XQ","","","","","","","","","","","","","","","","","","","","","","","","","","","","","","","","","","","","","","","","","","","","","","","","2.37923076923077","","","2.44849056603774","","2.53367924528302","","2.56297147747748","","2.49914771559633","","","",
"Lesotho","LSO","Logistics performance index: Competence and quality of logistics services (1=low to 5=high)","LP.LPI.LOGS.XQ","","","","","","","","","","","","","","","","","","","","","","","","","","","","","","","","","","","","","","","","","","","","","","","","2.2","","","","","2.42","","2.225309","","2.164057","","","",
"Late-demographic dividend","LTE","Logistics performance index: Competence and quality of logistics services (1=low to 5=high)","LP.LPI.LOGS.XQ","","","","","","","","","","","","","","","","","","","","","","","","","","","","","","","","","","","","","","","","","","","","","","","","2.62216216216216","","","2.76512195121951","","2.78880952380952","","2.8901324","","2.8057946097561","","","",
"Lithuania","LTU","Logistics performance index: Competence and quality of logistics services (1=low to 5=high)","LP.LPI.LOGS.XQ","","","","","","","","","","","","","","","","","","","","","","","","","","","","","","","","","","","","","","","","","","","","","","","","2.7","","","2.85","","2.91","","2.992647","","3.492151","","","",
"Luxembourg","LUX","Logistics performance index: Competence and quality of logistics services (1=low to 5=high)","LP.LPI.LOGS.XQ","","","","","","","","","","","","","","","","","","","","","","","","","","","","","","","","","","","","","","","","","","","","","","","","3.22","","","3.67","","3.82","","3.783471","","4.01","","","",
"Latvia","LVA","Logistics performance index: Competence and quality of logistics services (1=low to 5=high)","LP.LPI.LOGS.XQ","","","","","","","","","","","","","","","","","","","","","","","","","","","","","","","","","","","","","","","","","","","","","","","","2.94","","","2.96","","2.64","","3.209473","","3.29218","","","",
"Macao SAR, China","MAC","Logistics performance index: Competence and quality of logistics services (1=low to 5=high)","LP.LPI.LOGS.XQ","","","","","","","","","","","","","","","","","","","","","","","","","","","","","","","","","","","","","","","","","","","","","","","","","","","","","","","","","","","","",
"St. Martin (French part)","MAF","Logistics performance index: Competence and quality of logistics services (1=low to 5=high)","LP.LPI.LOGS.XQ","","","","","","","","","","","","","","","","","","","","","","","","","","","","","","","","","","","","","","","","","","","","","","","","","","","","","","","","","","","","",
"Morocco","MAR","Logistics performance index: Competence and quality of logistics services (1=low to 5=high)","LP.LPI.LOGS.XQ","","","","","","","","","","","","","","","","","","","","","","","","","","","","","","","","","","","","","","","","","","","","","","","","2.13","","","","","2.89","","","","2.58642","","","",
"Monaco","MCO","Logistics performance index: Competence and quality of logistics services (1=low to 5=high)","LP.LPI.LOGS.XQ","","","","","","","","","","","","","","","","","","","","","","","","","","","","","","","","","","","","","","","","","","","","","","","","","","","","","","","","","","","","",
"Moldova","MDA","Logistics performance index: Competence and quality of logistics services (1=low to 5=high)","LP.LPI.LOGS.XQ","","","","","","","","","","","","","","","","","","","","","","","","","","","","","","","","","","","","","","","","","","","","","","","","2.21","","","2.17","","2.15","","2.444986","","2.477941","","","",
"Madagascar","MDG","Logistics performance index: Competence and quality of logistics services (1=low to 5=high)","LP.LPI.LOGS.XQ","","","","","","","","","","","","","","","","","","","","","","","","","","","","","","","","","","","","","","","","","","","","","","","","2","","","2.4","","2.8","","2.329545","","1.927087","","","",
"Maldives","MDV","Logistics performance index: Competence and quality of logistics services (1=low to 5=high)","LP.LPI.LOGS.XQ","","","","","","","","","","","","","","","","","","","","","","","","","","","","","","","","","","","","","","","","","","","","","","","","","","","2.29","","2.68","","2.791667","","2.436842","","","",
"Middle East & North Africa","MEA","Logistics performance index: Competence and quality of logistics services (1=low to 5=high)","LP.LPI.LOGS.XQ","","","","","","","","","","","","","","","","","","","","","","","","","","","","","","","","","","","","","","","","","","","","","","","","2.59823529411765","","","2.76263157894737","","2.69421052631579","","2.76710105555556","","2.80910721052632","","","",
"Mexico","MEX","Logistics performance index: Competence and quality of logistics services (1=low to 5=high)","LP.LPI.LOGS.XQ","","","","","","","","","","","","","","","","","","","","","","","","","","","","","","","","","","","","","","","","","","","","","","","","2.8","","","3.04","","3.02","","3.118379","","3.138875","","","",
"Marshall Islands","MHL","Logistics performance index: Competence and quality of logistics services (1=low to 5=high)","LP.LPI.LOGS.XQ","","","","","","","","","","","","","","","","","","","","","","","","","","","","","","","","","","","","","","","","","","","","","","","","","","","","","","","","","","","","",
"Middle income","MIC","Logistics performance index: Competence and quality of logistics services (1=low to 5=high)","LP.LPI.LOGS.XQ","","","","","","","","","","","","","","","","","","","","","","","","","","","","","","","","","","","","","","","","","","","","","","","","2.45064935064935","","","2.525375","","2.59512195121951","","2.64187807142857","","2.56330228571429","","","",
"North Macedonia","MKD","Logistics performance index: Competence and quality of logistics services (1=low to 5=high)","LP.LPI.LOGS.XQ","","","","","","","","","","","","","","","","","","","","","","","","","","","","","","","","","","","","","","","","","","","","","","","","2.33","","","2.76","","2.66","","2.51444","","2.357254","","","",
"Mali","MLI","Logistics performance index: Competence and quality of logistics services (1=low to 5=high)","LP.LPI.LOGS.XQ","","","","","","","","","","","","","","","","","","","","","","","","","","","","","","","","","","","","","","","","","","","","","","","","2.21","","","2.13","","","","2.202778","","2.464359","","","",
"Malta","MLT","Logistics performance index: Competence and quality of logistics services (1=low to 5=high)","LP.LPI.LOGS.XQ","","","","","","","","","","","","","","","","","","","","","","","","","","","","","","","","","","","","","","","","","","","","","","","","","","","2.89","","3.01","","3","","2.852381","","","",
"Myanmar","MMR","Logistics performance index: Competence and quality of logistics services (1=low to 5=high)","LP.LPI.LOGS.XQ","","","","","","","","","","","","","","","","","","","","","","","","","","","","","","","","","","","","","","","","","","","","","","","","2","","","2.01","","2.42","","2.071429","","2.35842","","","",
"Middle East & North Africa (excluding high income)","MNA","Logistics performance index: Competence and quality of logistics services (1=low to 5=high)","LP.LPI.LOGS.XQ","","","","","","","","","","","","","","","","","","","","","","","","","","","","","","","","","","","","","","","","","","","","","","","","2.297","","","2.53","","2.4875","","2.4463124","","2.46570690909091","","","",
"Montenegro","MNE","Logistics performance index: Competence and quality of logistics services (1=low to 5=high)","LP.LPI.LOGS.XQ","","","","","","","","","","","","","","","","","","","","","","","","","","","","","","","","","","","","","","","","","","","","","","","","","","","2.32","","2.35","","2.454945","","2.311378","","","",
"Mongolia","MNG","Logistics performance index: Competence and quality of logistics services (1=low to 5=high)","LP.LPI.LOGS.XQ","","","","","","","","","","","","","","","","","","","","","","","","","","","","","","","","","","","","","","","","","","","","","","","","1.8","","","2.24","","1.88","","2.334969","","2.307304","","","",
"Northern Mariana Islands","MNP","Logistics performance index: Competence and quality of logistics services (1=low to 5=high)","LP.LPI.LOGS.XQ","","","","","","","","","","","","","","","","","","","","","","","","","","","","","","","","","","","","","","","","","","","","","","","","","","","","","","","","","","","","",
"Mozambique","MOZ","Logistics performance index: Competence and quality of logistics services (1=low to 5=high)","LP.LPI.LOGS.XQ","","","","","","","","","","","","","","","","","","","","","","","","","","","","","","","","","","","","","","","","","","","","","","","","2.36","","","2.2","","","","2.102127","","2.44495","","","",
"Mauritania","MRT","Logistics performance index: Competence and quality of logistics services (1=low to 5=high)","LP.LPI.LOGS.XQ","","","","","","","","","","","","","","","","","","","","","","","","","","","","","","","","","","","","","","","","","","","","","","","","2.7","","","","","2.28","","2.058333","","1.742857","","","",
"Mauritius","MUS","Logistics performance index: Competence and quality of logistics services (1=low to 5=high)","LP.LPI.LOGS.XQ","","","","","","","","","","","","","","","","","","","","","","","","","","","","","","","","","","","","","","","","","","","","","","","","1.75","","","2.43","","2.67","","2.483259","","","","","",
"Malawi","MWI","Logistics performance index: Competence and quality of logistics services (1=low to 5=high)","LP.LPI.LOGS.XQ","","","","","","","","","","","","","","","","","","","","","","","","","","","","","","","","","","","","","","","","","","","","","","","","2.56","","","","","2.85","","2.86146","","","","","",
"Malaysia","MYS","Logistics performance index: Competence and quality of logistics services (1=low to 5=high)","LP.LPI.LOGS.XQ","","","","","","","","","","","","","","","","","","","","","","","","","","","","","","","","","","","","","","","","","","","","","","","","3.4","","","3.34","","3.45","","3.465639","","3.342215","","","",
"North America","NAC","Logistics performance index: Competence and quality of logistics services (1=low to 5=high)","LP.LPI.LOGS.XQ","","","","","","","","","","","","","","","","","","","","","","","","","","","","","","","","","","","","","","","","","","","","","","","","3.85","","","3.955","","3.905","","3.9554335","","3.9557095","","","",
"Namibia","NAM","Logistics performance index: Competence and quality of logistics services (1=low to 5=high)","LP.LPI.LOGS.XQ","","","","","","","","","","","","","","","","","","","","","","","","","","","","","","","","","","","","","","","","","","","","","","","","1.83","","","2.04","","2.65","","2.687787","","2.630057","","","",
"New Caledonia","NCL","Logistics performance index: Competence and quality of logistics services (1=low to 5=high)","LP.LPI.LOGS.XQ","","","","","","","","","","","","","","","","","","","","","","","","","","","","","","","","","","","","","","","","","","","","","","","","","","","","","","","","","","","","",
"Niger","NER","Logistics performance index: Competence and quality of logistics services (1=low to 5=high)","LP.LPI.LOGS.XQ","","","","","","","","","","","","","","","","","","","","","","","","","","","","","","","","","","","","","","","","","","","","","","","","2","","","2.42","","2.49","","2.276874","","2.497692","","","",
"Nigeria","NGA","Logistics performance index: Competence and quality of logistics services (1=low to 5=high)","LP.LPI.LOGS.XQ","","","","","","","","","","","","","","","","","","","","","","","","","","","","","","","","","","","","","","","","","","","","","","","","2.38","","","2.45","","2.52","","2.702476","","2.735254","","","",
"Nicaragua","NIC","Logistics performance index: Competence and quality of logistics services (1=low to 5=high)","LP.LPI.LOGS.XQ","","","","","","","","","","","","","","","","","","","","","","","","","","","","","","","","","","","","","","","","","","","","","","","","2.41","","","2.31","","","","2.580249","","2.545703","","","",
"Netherlands","NLD","Logistics performance index: Competence and quality of logistics services (1=low to 5=high)","LP.LPI.LOGS.XQ","","","","","","","","","","","","","","","","","","","","","","","","","","","","","","","","","","","","","","","","","","","","","","","","4.25","","","4.15","","4.05","","4.127404","","4.21524","","","",
"Norway","NOR","Logistics performance index: Competence and quality of logistics services (1=low to 5=high)","LP.LPI.LOGS.XQ","","","","","","","","","","","","","","","","","","","","","","","","","","","","","","","","","","","","","","","","","","","","","","","","3.78","","","3.85","","3.57","","4.191941","","3.701875","","","",
"Nepal","NPL","Logistics performance index: Competence and quality of logistics services (1=low to 5=high)","LP.LPI.LOGS.XQ","","","","","","","","","","","","","","","","","","","","","","","","","","","","","","","","","","","","","","","","","","","","","","","","2.08","","","2.07","","2.12","","2.5","","2.133333","","","",
"Nauru","NRU","Logistics performance index: Competence and quality of logistics services (1=low to 5=high)","LP.LPI.LOGS.XQ","","","","","","","","","","","","","","","","","","","","","","","","","","","","","","","","","","","","","","","","","","","","","","","","","","","","","","","","","","","","",
"New Zealand","NZL","Logistics performance index: Competence and quality of logistics services (1=low to 5=high)","LP.LPI.LOGS.XQ","","","","","","","","","","","","","","","","","","","","","","","","","","","","","","","","","","","","","","","","","","","","","","","","3.82","","","3.54","","3.25","","3.555556","","3.217633","","","",
"OECD members","OED","Logistics performance index: Competence and quality of logistics services (1=low to 5=high)","LP.LPI.LOGS.XQ","","","","","","","","","","","","","","","","","","","","","","","","","","","","","","","","","","","","","","","","","","","","","","","","3.54485714285714","","","3.55666666666667","","3.552","","3.64556422222222","","3.64960408333333","","","",
"Oman","OMN","Logistics performance index: Competence and quality of logistics services (1=low to 5=high)","LP.LPI.LOGS.XQ","","","","","","","","","","","","","","","","","","","","","","","","","","","","","","","","","","","","","","","","","","","","","","","","2.67","","","2.37","","2.73","","2.837413","","3.261094","","","",
"Other small states","OSS","Logistics performance index: Competence and quality of logistics services (1=low to 5=high)","LP.LPI.LOGS.XQ","","","","","","","","","","","","","","","","","","","","","","","","","","","","","","","","","","","","","","","","","","","","","","","","2.38133333333333","","","2.48411764705882","","2.66210526315789","","2.6578136","","2.57897210526316","","","",
"Pakistan","PAK","Logistics performance index: Competence and quality of logistics services (1=low to 5=high)","LP.LPI.LOGS.XQ","","","","","","","","","","","","","","","","","","","","","","","","","","","","","","","","","","","","","","","","","","","","","","","","2.71","","","2.28","","2.77","","2.787518","","2.81606","","","",
"Panama","PAN","Logistics performance index: Competence and quality of logistics services (1=low to 5=high)","LP.LPI.LOGS.XQ","","","","","","","","","","","","","","","","","","","","","","","","","","","","","","","","","","","","","","","","","","","","","","","","2.73","","","2.83","","2.84","","2.865686","","3.18363","","","",
"Peru","PER","Logistics performance index: Competence and quality of logistics services (1=low to 5=high)","LP.LPI.LOGS.XQ","","","","","","","","","","","","","","","","","","","","","","","","","","","","","","","","","","","","","","","","","","","","","","","","2.73","","","2.61","","2.91","","2.78125","","2.865053","","","",
"Philippines","PHL","Logistics performance index: Competence and quality of logistics services (1=low to 5=high)","LP.LPI.LOGS.XQ","","","","","","","","","","","","","","","","","","","","","","","","","","","","","","","","","","","","","","","","","","","","","","","","2.65","","","2.95","","3.14","","2.933333","","2.701612","","","",
"Palau","PLW","Logistics performance index: Competence and quality of logistics services (1=low to 5=high)","LP.LPI.LOGS.XQ","","","","","","","","","","","","","","","","","","","","","","","","","","","","","","","","","","","","","","","","","","","","","","","","","","","","","","","","","","","","",
"Papua New Guinea","PNG","Logistics performance index: Competence and quality of logistics services (1=low to 5=high)","LP.LPI.LOGS.XQ","","","","","","","","","","","","","","","","","","","","","","","","","","","","","","","","","","","","","","","","","","","","","","","","2.29","","","2.2","","2.18","","2.466667","","2.35469","","","",
"Poland","POL","Logistics performance index: Competence and quality of logistics services (1=low to 5=high)","LP.LPI.LOGS.XQ","","","","","","","","","","","","","","","","","","","","","","","","","","","","","","","","","","","","","","","","","","","","","","","","3.04","","","3.26","","3.3","","3.465008","","3.387954","","","",
"Pre-demographic dividend","PRE","Logistics performance index: Competence and quality of logistics services (1=low to 5=high)","LP.LPI.LOGS.XQ","","","","","","","","","","","","","","","","","","","","","","","","","","","","","","","","","","","","","","","","","","","","","","","","2.31354838709677","","","2.244","","2.355","","2.33283912121212","","2.3517215","","","",
"Puerto Rico","PRI","Logistics performance index: Competence and quality of logistics services (1=low to 5=high)","LP.LPI.LOGS.XQ","","","","","","","","","","","","","","","","","","","","","","","","","","","","","","","","","","","","","","","","","","","","","","","","","","","","","","","","","","","","",
"Korea, Dem. People’s Rep.","PRK","Logistics performance index: Competence and quality of logistics services (1=low to 5=high)","LP.LPI.LOGS.XQ","","","","","","","","","","","","","","","","","","","","","","","","","","","","","","","","","","","","","","","","","","","","","","","","","","","","","","","","","","","","",
"Portugal","PRT","Logistics performance index: Competence and quality of logistics services (1=low to 5=high)","LP.LPI.LOGS.XQ","","","","","","","","","","","","","","","","","","","","","","","","","","","","","","","","","","","","","","","","","","","","","","","","3.19","","","3.31","","3.48","","3.713122","","3.153843","","","",
"Paraguay","PRY","Logistics performance index: Competence and quality of logistics services (1=low to 5=high)","LP.LPI.LOGS.XQ","","","","","","","","","","","","","","","","","","","","","","","","","","","","","","","","","","","","","","","","","","","","","","","","2.63","","","2.59","","2.49","","2.755886","","2.688023","","","",
"West Bank and Gaza","PSE","Logistics performance index: Competence and quality of logistics services (1=low to 5=high)","LP.LPI.LOGS.XQ","","","","","","","","","","","","","","","","","","","","","","","","","","","","","","","","","","","","","","","","","","","","","","","","","","","","","","","","","","","","",
"Pacific island small states","PSS","Logistics performance index: Competence and quality of logistics services (1=low to 5=high)","LP.LPI.LOGS.XQ","","","","","","","","","","","","","","","","","","","","","","","","","","","","","","","","","","","","","","","","","","","","","","","","2.1","","","2.19","","2.16","","2.468586","","2.3418485","","","",
"Post-demographic dividend","PST","Logistics performance index: Competence and quality of logistics services (1=low to 5=high)","LP.LPI.LOGS.XQ","","","","","","","","","","","","","","","","","","","","","","","","","","","","","","","","","","","","","","","","","","","","","","","","3.52878787878788","","","3.49470588235294","","3.536","","3.5521762","","3.57702134285714","","","",
"French Polynesia","PYF","Logistics performance index: Competence and quality of logistics services (1=low to 5=high)","LP.LPI.LOGS.XQ","","","","","","","","","","","","","","","","","","","","","","","","","","","","","","","","","","","","","","","","","","","","","","","","","","","","","","","","","","","","",
"Qatar","QAT","Logistics performance index: Competence and quality of logistics services (1=low to 5=high)","LP.LPI.LOGS.XQ","","","","","","","","","","","","","","","","","","","","","","","","","","","","","","","","","","","","","","","","","","","","","","","","3","","","2.57","","3.25","","3.550252","","3.543672","","","",
"Romania","ROU","Logistics performance index: Competence and quality of logistics services (1=low to 5=high)","LP.LPI.LOGS.XQ","","","","","","","","","","","","","","","","","","","","","","","","","","","","","","","","","","","","","","","","","","","","","","","","2.86","","","2.68","","2.83","","3.19678","","2.820534","","","",
"Russian Federation","RUS","Logistics performance index: Competence and quality of logistics services (1=low to 5=high)","LP.LPI.LOGS.XQ","","","","","","","","","","","","","","","","","","","","","","","","","","","","","","","","","","","","","","","","","","","","","","","","2.46","","","2.51","","2.65","","2.739834","","2.760561","","","",
"Rwanda","RWA","Logistics performance index: Competence and quality of logistics services (1=low to 5=high)","LP.LPI.LOGS.XQ","","","","","","","","","","","","","","","","","","","","","","","","","","","","","","","","","","","","","","","","","","","","","","","","1.67","","","1.85","","2.06","","2.639394","","2.868034","","","",
"South Asia","SAS","Logistics performance index: Competence and quality of logistics services (1=low to 5=high)","LP.LPI.LOGS.XQ","","","","","","","","","","","","","","","","","","","","","","","","","","","","","","","","","","","","","","","","","","","","","","","","2.32428571428571","","","2.3325","","2.58428571428571","","2.65656625","","2.55536414285714","","","",
"Saudi Arabia","SAU","Logistics performance index: Competence and quality of logistics services (1=low to 5=high)","LP.LPI.LOGS.XQ","","","","","","","","","","","","","","","","","","","","","","","","","","","","","","","","","","","","","","","","","","","","","","","","2.88","","","3.33","","2.99","","3.112258","","3.002477","","","",
"Sudan","SDN","Logistics performance index: Competence and quality of logistics services (1=low to 5=high)","LP.LPI.LOGS.XQ","","","","","","","","","","","","","","","","","","","","","","","","","","","","","","","","","","","","","","","","","","","","","","","","2.83","","","2.15","","2.33","","2.180369","","2.360965","","","",
"Senegal","SEN","Logistics performance index: Competence and quality of logistics services (1=low to 5=high)","LP.LPI.LOGS.XQ","","","","","","","","","","","","","","","","","","","","","","","","","","","","","","","","","","","","","","","","","","","","","","","","2.73","","","2.73","","2.55","","2.525","","2.39391","","","",
"Singapore","SGP","Logistics performance index: Competence and quality of logistics services (1=low to 5=high)","LP.LPI.LOGS.XQ","","","","","","","","","","","","","","","","","","","","","","","","","","","","","","","","","","","","","","","","","","","","","","","","4.21","","","4.12","","4.07","","3.966698","","4.09353","","","",
"Solomon Islands","SLB","Logistics performance index: Competence and quality of logistics services (1=low to 5=high)","LP.LPI.LOGS.XQ","","","","","","","","","","","","","","","","","","","","","","","","","","","","","","","","","","","","","","","","","","","","","","","","2.1","","","2.27","","2.14","","2.717172","","2.431453","","","",
"Sierra Leone","SLE","Logistics performance index: Competence and quality of logistics services (1=low to 5=high)","LP.LPI.LOGS.XQ","","","","","","","","","","","","","","","","","","","","","","","","","","","","","","","","","","","","","","","","","","","","","","","","1.91","","","1.53","","1.98","","","","1.847245","","","",
"El Salvador","SLV","Logistics performance index: Competence and quality of logistics services (1=low to 5=high)","LP.LPI.LOGS.XQ","","","","","","","","","","","","","","","","","","","","","","","","","","","","","","","","","","","","","","","","","","","","","","","","2.53","","","2.66","","2.6","","3.163062","","2.660097","","","",
"San Marino","SMR","Logistics performance index: Competence and quality of logistics services (1=low to 5=high)","LP.LPI.LOGS.XQ","","","","","","","","","","","","","","","","","","","","","","","","","","","","","","","","","","","","","","","","","","","","","","","","","","","","","","","","","","","","",
"Somalia","SOM","Logistics performance index: Competence and quality of logistics services (1=low to 5=high)","LP.LPI.LOGS.XQ","","","","","","","","","","","","","","","","","","","","","","","","","","","","","","","","","","","","","","","","","","","","","","","","2.25","","","1.33","","","","1.75","","1.846939","","","",
"Serbia","SRB","Logistics performance index: Competence and quality of logistics services (1=low to 5=high)","LP.LPI.LOGS.XQ","","","","","","","","","","","","","","","","","","","","","","","","","","","","","","","","","","","","","","","","","","","","","","","","2.29","","","2.55","","2.8","","3.018467","","2.791071","","","",
"Sub-Saharan Africa (excluding high income)","SSA","Logistics performance index: Competence and quality of logistics services (1=low to 5=high)","LP.LPI.LOGS.XQ","","","","","","","","","","","","","","","","","","","","","","","","","","","","","","","","","","","","","","","","","","","","","","","","2.32871794871795","","","2.28333333333333","","2.42216216216216","","2.40919840476191","","2.421435275","","","",
"South Sudan","SSD","Logistics performance index: Competence and quality of logistics services (1=low to 5=high)","LP.LPI.LOGS.XQ","","","","","","","","","","","","","","","","","","","","","","","","","","","","","","","","","","","","","","","","","","","","","","","","","","","","","","","","","","","","",
"Sub-Saharan Africa","SSF","Logistics performance index: Competence and quality of logistics services (1=low to 5=high)","LP.LPI.LOGS.XQ","","","","","","","","","","","","","","","","","","","","","","","","","","","","","","","","","","","","","","","","","","","","","","","","2.32871794871795","","","2.28333333333333","","2.42216216216216","","2.4091984047619","","2.421435275","","","",
"Small states","SST","Logistics performance index: Competence and quality of logistics services (1=low to 5=high)","LP.LPI.LOGS.XQ","","","","","","","","","","","","","","","","","","","","","","","","","","","","","","","","","","","","","","","","","","","","","","","","2.32444444444444","","","2.44863636363636","","2.58875","","2.63978028","","2.54728724","","","",
"Sao Tome and Principe","STP","Logistics performance index: Competence and quality of logistics services (1=low to 5=high)","LP.LPI.LOGS.XQ","","","","","","","","","","","","","","","","","","","","","","","","","","","","","","","","","","","","","","","","","","","","","","","","3","","","","","2.42","","2.495581","","2.416119","","","",
"Suriname","SUR","Logistics performance index: Competence and quality of logistics services (1=low to 5=high)","LP.LPI.LOGS.XQ","","","","","","","","","","","","","","","","","","","","","","","","","","","","","","","","","","","","","","","","","","","","","","","","","","","","","","","","","","","","",
"Slovak Republic","SVK","Logistics performance index: Competence and quality of logistics services (1=low to 5=high)","LP.LPI.LOGS.XQ","","","","","","","","","","","","","","","","","","","","","","","","","","","","","","","","","","","","","","","","","","","","","","","","3","","","3.15","","3.07","","3.158906","","3.121637","","","",
"Slovenia","SVN","Logistics performance index: Competence and quality of logistics services (1=low to 5=high)","LP.LPI.LOGS.XQ","","","","","","","","","","","","","","","","","","","","","","","","","","","","","","","","","","","","","","","","","","","","","","","","3.09","","","2.9","","3.25","","3.508563","","3.198462","","","",
"Sweden","SWE","Logistics performance index: Competence and quality of logistics services (1=low to 5=high)","LP.LPI.LOGS.XQ","","","","","","","","","","","","","","","","","","","","","","","","","","","","","","","","","","","","","","","","","","","","","","","","4.06","","","4.22","","3.9","","3.98125","","4.246615","","","",
"Eswatini","SWZ","Logistics performance index: Competence and quality of logistics services (1=low to 5=high)","LP.LPI.LOGS.XQ","","","","","","","","","","","","","","","","","","","","","","","","","","","","","","","","","","","","","","","","","","","","","","","","","","","","","","","","","","","","",
"Sint Maarten (Dutch part)","SXM","Logistics performance index: Competence and quality of logistics services (1=low to 5=high)","LP.LPI.LOGS.XQ","","","","","","","","","","","","","","","","","","","","","","","","","","","","","","","","","","","","","","","","","","","","","","","","","","","","","","","","","","","","",
"Seychelles","SYC","Logistics performance index: Competence and quality of logistics services (1=low to 5=high)","LP.LPI.LOGS.XQ","","","","","","","","","","","","","","","","","","","","","","","","","","","","","","","","","","","","","","","","","","","","","","","","","","","","","","","","","","","","",
"Syrian Arab Republic","SYR","Logistics performance index: Competence and quality of logistics services (1=low to 5=high)","LP.LPI.LOGS.XQ","","","","","","","","","","","","","","","","","","","","","","","","","","","","","","","","","","","","","","","","","","","","","","","","1.8","","","2.59","","2.48","","1.821006","","1.394253","","","",
"Turks and Caicos Islands","TCA","Logistics performance index: Competence and quality of logistics services (1=low to 5=high)","LP.LPI.LOGS.XQ","","","","","","","","","","","","","","","","","","","","","","","","","","","","","","","","","","","","","","","","","","","","","","","","","","","","","","","","","","","","",
"Chad","TCD","Logistics performance index: Competence and quality of logistics services (1=low to 5=high)","LP.LPI.LOGS.XQ","","","","","","","","","","","","","","","","","","","","","","","","","","","","","","","","","","","","","","","","","","","","","","","","1.82","","","2.04","","2","","2.337963","","2.058635","","","",
"East Asia & Pacific (IDA & IBRD countries)","TEA","Logistics performance index: Competence and quality of logistics services (1=low to 5=high)","LP.LPI.LOGS.XQ","","","","","","","","","","","","","","","","","","","","","","","","","","","","","","","","","","","","","","","","","","","","","","","","2.53923076923077","","","2.58153846153846","","2.64307692307692","","2.78735892307692","","2.69892784615385","","","",
"Europe & Central Asia (IDA & IBRD countries)","TEC","Logistics performance index: Competence and quality of logistics services (1=low to 5=high)","LP.LPI.LOGS.XQ","","","","","","","","","","","","","","","","","","","","","","","","","","","","","","","","","","","","","","","","","","","","","","","","2.40210526315789","","","2.56380952380952","","2.68047619047619","","2.69526633333333","","2.56031442857143","","","",
"Togo","TGO","Logistics performance index: Competence and quality of logistics services (1=low to 5=high)","LP.LPI.LOGS.XQ","","","","","","","","","","","","","","","","","","","","","","","","","","","","","","","","","","","","","","","","","","","","","","","","2.4","","","2.45","","2.29","","2.139669","","2.462016","","","",
"Thailand","THA","Logistics performance index: Competence and quality of logistics services (1=low to 5=high)","LP.LPI.LOGS.XQ","","","","","","","","","","","","","","","","","","","","","","","","","","","","","","","","","","","","","","","","","","","","","","","","3.31","","","3.16","","2.98","","3.288935","","3.135446","","","",
"Tajikistan","TJK","Logistics performance index: Competence and quality of logistics services (1=low to 5=high)","LP.LPI.LOGS.XQ","","","","","","","","","","","","","","","","","","","","","","","","","","","","","","","","","","","","","","","","","","","","","","","","1.9","","","2.25","","2.22","","2.468479","","2.116068","","","",
"Turkmenistan","TKM","Logistics performance index: Competence and quality of logistics services (1=low to 5=high)","LP.LPI.LOGS.XQ","","","","","","","","","","","","","","","","","","","","","","","","","","","","","","","","","","","","","","","","","","","","","","","","","","","2.34","","","","2.072016","","2.088384","","","",
"Latin America & the Caribbean (IDA & IBRD countries)","TLA","Logistics performance index: Competence and quality of logistics services (1=low to 5=high)","LP.LPI.LOGS.XQ","","","","","","","","","","","","","","","","","","","","","","","","","","","","","","","","","","","","","","","","","","","","","","","","2.52238095238095","","","2.65333333333333","","2.6595","","2.75089042857143","","2.61313059090909","","","",
"Timor-Leste","TLS","Logistics performance index: Competence and quality of logistics services (1=low to 5=high)","LP.LPI.LOGS.XQ","","","","","","","","","","","","","","","","","","","","","","","","","","","","","","","","","","","","","","","","","","","","","","","","1.6","","","","","","","","","","","","",
"Middle East & North Africa (IDA & IBRD countries)","TMN","Logistics performance index: Competence and quality of logistics services (1=low to 5=high)","LP.LPI.LOGS.XQ","","","","","","","","","","","","","","","","","","","","","","","","","","","","","","","","","","","","","","","","","","","","","","","","2.297","","","2.53","","2.4875","","2.4463124","","2.46570690909091","","","",
"Tonga","TON","Logistics performance index: Competence and quality of logistics services (1=low to 5=high)","LP.LPI.LOGS.XQ","","","","","","","","","","","","","","","","","","","","","","","","","","","","","","","","","","","","","","","","","","","","","","","","","","","","","","","","","","","","",
"South Asia (IDA & IBRD)","TSA","Logistics performance index: Competence and quality of logistics services (1=low to 5=high)","LP.LPI.LOGS.XQ","","","","","","","","","","","","","","","","","","","","","","","","","","","","","","","","","","","","","","","","","","","","","","","","2.32428571428571","","","2.3325","","2.58428571428571","","2.65656625","","2.55536414285714","","","",
"Sub-Saharan Africa (IDA & IBRD countries)","TSS","Logistics performance index: Competence and quality of logistics services (1=low to 5=high)","LP.LPI.LOGS.XQ","","","","","","","","","","","","","","","","","","","","","","","","","","","","","","","","","","","","","","","","","","","","","","","","2.32871794871795","","","2.28333333333333","","2.42216216216216","","2.40919840476191","","2.421435275","","","",
"Trinidad and Tobago","TTO","Logistics performance index: Competence and quality of logistics services (1=low to 5=high)","LP.LPI.LOGS.XQ","","","","","","","","","","","","","","","","","","","","","","","","","","","","","","","","","","","","","","","","","","","","","","","","","","","","","","","","","2.283842","","","",
"Tunisia","TUN","Logistics performance index: Competence and quality of logistics services (1=low to 5=high)","LP.LPI.LOGS.XQ","","","","","","","","","","","","","","","","","","","","","","","","","","","","","","","","","","","","","","","","","","","","","","","","2.43","","","2.36","","3.12","","2.422016","","2.588889","","","",
"Turkey","TUR","Logistics performance index: Competence and quality of logistics services (1=low to 5=high)","LP.LPI.LOGS.XQ","","","","","","","","","","","","","","","","","","","","","","","","","","","","","","","","","","","","","","","","","","","","","","","","3.29","","","3.23","","3.52","","3.640789","","3.312065","","","",
"Tuvalu","TUV","Logistics performance index: Competence and quality of logistics services (1=low to 5=high)","LP.LPI.LOGS.XQ","","","","","","","","","","","","","","","","","","","","","","","","","","","","","","","","","","","","","","","","","","","","","","","","","","","","","","","","","","","","",
"Tanzania","TZA","Logistics performance index: Competence and quality of logistics services (1=low to 5=high)","LP.LPI.LOGS.XQ","","","","","","","","","","","","","","","","","","","","","","","","","","","","","","","","","","","","","","","","","","","","","","","","1.92","","","2.38","","2.64","","2.178621","","2.916767","","","",
"Uganda","UGA","Logistics performance index: Competence and quality of logistics services (1=low to 5=high)","LP.LPI.LOGS.XQ","","","","","","","","","","","","","","","","","","","","","","","","","","","","","","","","","","","","","","","","","","","","","","","","2.55","","","2.59","","","","","","2.931229","","","",
"Ukraine","UKR","Logistics performance index: Competence and quality of logistics services (1=low to 5=high)","LP.LPI.LOGS.XQ","","","","","","","","","","","","","","","","","","","","","","","","","","","","","","","","","","","","","","","","","","","","","","","","2.41","","","2.59","","2.85","","2.840639","","2.548983","","","",
"Upper middle income","UMC","Logistics performance index: Competence and quality of logistics services (1=low to 5=high)","LP.LPI.LOGS.XQ","","","","","","","","","","","","","","","","","","","","","","","","","","","","","","","","","","","","","","","","","","","","","","","","2.52459459459459","","","2.61466666666667","","2.68422222222222","","2.7292682","","2.63408959090909","","","",
"Uruguay","URY","Logistics performance index: Competence and quality of logistics services (1=low to 5=high)","LP.LPI.LOGS.XQ","","","","","","","","","","","","","","","","","","","","","","","","","","","","","","","","","","","","","","","","","","","","","","","","2.45","","","2.59","","2.98","","2.576253","","3.009295","","","",
"United States","USA","Logistics performance index: Competence and quality of logistics services (1=low to 5=high)","LP.LPI.LOGS.XQ","","","","","","","","","","","","","","","","","","","","","","","","","","","","","","","","","","","","","","","","","","","","","","","","3.85","","","3.92","","3.96","","3.970199","","4.014226","","","",
"Uzbekistan","UZB","Logistics performance index: Competence and quality of logistics services (1=low to 5=high)","LP.LPI.LOGS.XQ","","","","","","","","","","","","","","","","","","","","","","","","","","","","","","","","","","","","","","","","","","","","","","","","2.15","","","2.5","","2.39","","2.368254","","2.386613","","","",
"St. Vincent and the Grenadines","VCT","Logistics performance index: Competence and quality of logistics services (1=low to 5=high)","LP.LPI.LOGS.XQ","","","","","","","","","","","","","","","","","","","","","","","","","","","","","","","","","","","","","","","","","","","","","","","","","","","","","","","","","","","","",
"Venezuela, RB","VEN","Logistics performance index: Competence and quality of logistics services (1=low to 5=high)","LP.LPI.LOGS.XQ","","","","","","","","","","","","","","","","","","","","","","","","","","","","","","","","","","","","","","","","","","","","","","","","2.59","","","2.53","","2.33","","2.763729","","2.341457","","","",
"British Virgin Islands","VGB","Logistics performance index: Competence and quality of logistics services (1=low to 5=high)","LP.LPI.LOGS.XQ","","","","","","","","","","","","","","","","","","","","","","","","","","","","","","","","","","","","","","","","","","","","","","","","","","","","","","","","","","","","",
"Virgin Islands (U.S.)","VIR","Logistics performance index: Competence and quality of logistics services (1=low to 5=high)","LP.LPI.LOGS.XQ","","","","","","","","","","","","","","","","","","","","","","","","","","","","","","","","","","","","","","","","","","","","","","","","","","","","","","","","","","","","",
"Vietnam","VNM","Logistics performance index: Competence and quality of logistics services (1=low to 5=high)","LP.LPI.LOGS.XQ","","","","","","","","","","","","","","","","","","","","","","","","","","","","","","","","","","","","","","","","","","","","","","","","2.8","","","2.89","","2.68","","3.092069","","2.882517","","","",
"Vanuatu","VUT","Logistics performance index: Competence and quality of logistics services (1=low to 5=high)","LP.LPI.LOGS.XQ","","","","","","","","","","","","","","","","","","","","","","","","","","","","","","","","","","","","","","","","","","","","","","","","","","","","","","","","","","","","",
"World","WLD","Logistics performance index: Competence and quality of logistics services (1=low to 5=high)","LP.LPI.LOGS.XQ","","","","","","","","","","","","","","","","","","","","","","","","","","","","","","","","","","","","","","","","","","","","","","","","2.70633333333333","","","2.75825806451613","","2.81896103896104","","2.85384496875","","2.82349284375","","","",
"Samoa","WSM","Logistics performance index: Competence and quality of logistics services (1=low to 5=high)","LP.LPI.LOGS.XQ","","","","","","","","","","","","","","","","","","","","","","","","","","","","","","","","","","","","","","","","","","","","","","","","","","","","","","","","","","","","",
"Kosovo","XKX","Logistics performance index: Competence and quality of logistics services (1=low to 5=high)","LP.LPI.LOGS.XQ","","","","","","","","","","","","","","","","","","","","","","","","","","","","","","","","","","","","","","","","","","","","","","","","","","","","","","","","","","","","",
"Yemen, Rep.","YEM","Logistics performance index: Competence and quality of logistics services (1=low to 5=high)","LP.LPI.LOGS.XQ","","","","","","","","","","","","","","","","","","","","","","","","","","","","","","","","","","","","","","","","","","","","","","","","2.22","","","2.35","","2.79","","2.207403","","","","","",
"South Africa","ZAF","Logistics performance index: Competence and quality of logistics services (1=low to 5=high)","LP.LPI.LOGS.XQ","","","","","","","","","","","","","","","","","","","","","","","","","","","","","","","","","","","","","","","","","","","","","","","","3.54","","","3.59","","3.56","","3.617883","","3.747822","","","",
"Zambia","ZMB","Logistics performance index: Competence and quality of logistics services (1=low to 5=high)","LP.LPI.LOGS.XQ","","","","","","","","","","","","","","","","","","","","","","","","","","","","","","","","","","","","","","","","","","","","","","","","2.44","","","2.01","","","","2.467993","","2.415493","","","",
"Zimbabwe","ZWE","Logistics performance index: Competence and quality of logistics services (1=low to 5=high)","LP.LPI.LOGS.XQ","","","","","","","","","","","","","","","","","","","","","","","","","","","","","","","","","","","","","","","","","","","","","","","","2.21","","","","","2.27","","2.498457","","2.12967","","","",
